country,isocode3,year,efi_fraser,gdppcap,gini
Albania,ALB,2019,7.81,5396.22,30.8
Algeria,DZA,2019,4.9,3989.67,27.6
Angola,AGO,2019,5.5,2177.8,51.3
Argentina,ARG,2019,5.5,10076.36,42.9
Armenia,ARM,2019,8.03,4604.65,29.9
Australia,AUS,2019,8.2,54875.29,34.3
Austria,AUT,2019,7.86,50114.4,30.2
Azerbaijan,AZE,2019,6.44,4805.75,
Bahrain,BHR,2019,7.33,23552.38,
Bangladesh,BGD,2019,6.05,2154.23,32.4
Barbados,BRB,2019,6.91,18480.06,
Belarus,BLR,2019,6.88,6837.72,25.3
Belgium,BEL,2019,7.62,46599.11,27.2
Belize,BLZ,2019,6.7,4983.34,
Benin,BEN,2019,6.62,1219.52,37.8
Bhutan,BTN,2019,6.82,3322.86,37.4
Bolivia,BOL,2019,6.28,3552.07,41.6
Bosnia and Herzegovina,BIH,2019,6.86,6119.76,33
Botswana,BWA,2019,7.62,7247.43,53.3
Brazil,BRA,2019,6.63,8876.06,53.5
Brunei Darussalam,BRN,2019,7.3,31085.96,
Bulgaria,BGR,2019,7.76,9879.27,40.3
Burkina Faso,BFA,2019,6.04,796.12,47.3
Burundi,BDI,2019,5.65,223.86,38.6
Cabo Verde,CPV,2019,7.65,3603.78,42.4
Cambodia,KHM,2019,7.22,1643.12,
Cameroon,CMR,2019,5.86,1533.1,46.6
Canada,CAN,2019,8.06,46328.67,33.3
Central African Republic,CAF,2019,5.36,468.12,
Chad,TCD,2019,5.6,709.54,37.5
Chile,CHL,2019,7.85,14699.46,44.4
China,CHN,2019,6.53,10143.84,38.2
Colombia,COL,2019,6.82,6418.62,51.3
Comoros,COM,2019,6.55,1404.43,45.3
Costa Rica,CRI,2019,7.68,12762.14,48.2
Cote d'Ivoire,CIV,2019,6.18,2276.33,37.2
Croatia,HRV,2019,7.36,15311.77,28.9
Cyprus,CYP,2019,7.89,29206.08,31.2
Czech Republic,CZE,2019,7.87,23660.15,25.3
Democratic Republic of Congo,COD,2019,5.36,596.56,42.1
Denmark,DNK,2019,8.17,59775.74,27.7
Djibouti,DJI,2019,6.68,3172.75,41.6
Dominican Republic,DOM,2019,7.58,8282.12,41.9
Ecuador,ECU,2019,6.68,6222.52,45.7
Egypt,EGY,2019,5.68,3019.09,31.5
El Salvador,SLV,2019,7.39,4167.73,38.8
Estonia,EST,2019,8.11,23397.88,30.8
Eswatini,SWZ,2019,6.05,3889.85,54.6
Ethiopia,ETH,2019,5.87,855.76,35
Fiji,FJI,2019,6.54,6175.89,30.7
Finland,FIN,2019,7.92,48628.64,27.7
France,FRA,2019,7.55,40578.64,32.4
Gabon,GAB,2019,5.8,7767,38
Georgia,GEO,2019,8.26,4696.15,35.9
Germany,DEU,2019,7.91,46794.9,31.7
Ghana,GHA,2019,6.69,2246.63,43.5
Greece,GRC,2019,7.15,19133.76,33.1
Guatemala,GTM,2019,7.8,4638.63,48.3
Guinea,GIN,2019,5.62,1052.59,29.6
Guinea-Bissau,GNB,2019,6.06,749.45,34.8
Guyana,GUY,2019,6.52,6609.51,
Haiti,HTI,2019,6.51,1312.77,41.1
Honduras,HND,2019,7.26,2574.36,48.2
Hong Kong,HKG,2019,8.91,48356.06,
Hungary,HUN,2019,7.53,16735.66,30
Iceland,ISL,2019,7.9,68941.46,26.1
India,IND,2019,6.66,2072.24,35.7
Indonesia,IDN,2019,7.26,4135.23,37
Iran,IRN,2019,5.06,3514.04,40.9
Iraq,IRQ,2019,5.74,5943.46,29.5
Ireland,IRL,2019,8.21,80886.62,30.6
Israel,ISR,2019,7.63,43951.25,38.6
Italy,ITA,2019,7.61,33673.48,35.2
Jamaica,JAM,2019,7.71,5369.5,
Japan,JPN,2019,7.98,40458,32.9
Jordan,JOR,2019,7.59,4405.49,33.7
Kazakhstan,KAZ,2019,7.52,9812.6,27.8
Kenya,KEN,2019,6.94,1909.3,40.8
Kuwait,KWT,2019,6.72,32373.25,
Kyrgyz Republic,KGZ,2019,7.17,1374.03,29.7
Laos,LAO,2019,6.6,2613.94,38.8
Latvia,LVA,2019,7.94,17926.84,34.5
Lebanon,LBN,2019,6.76,7527.44,31.8
Lesotho,LSO,2019,6.57,1153.39,44.9
Liberia,LBR,2019,6.35,672.34,35.3
Libya,LBY,2019,4.79,10218.04,
Lithuania,LTU,2019,8.21,19575.77,35.3
Luxembourg,LUX,2019,7.84,113218.71,34.2
Madagascar,MDG,2019,6.33,526.22,42.6
Malawi,MWI,2019,5.96,591.85,38.5
Malaysia,MYS,2019,7.52,11432.83,41.1
Mali,MLI,2019,5.83,879.04,36.1
Malta,MLT,2019,8.03,31185.65,31
Mauritania,MRT,2019,6.49,1743.3,32.6
Mauritius,MUS,2019,8.16,11097.17,36.8
Mexico,MEX,2019,7.2,9950.22,46.7
Moldova,MDA,2019,7.3,4492.11,26
Mongolia,MNG,2019,7.38,4404.85,32.7
Montenegro,MNE,2019,7.64,8909.89,36.8
Morocco,MAR,2019,6.69,3235,39.5
Mozambique,MOZ,2019,6.15,506.82,54
Myanmar,MMR,2019,5.94,1271.11,30.7
Namibia,NAM,2019,6.76,5028.3,59.1
Nepal,NPL,2019,6.71,1194.96,32.8
Netherlands,NLD,2019,7.96,52476.27,29.2
New Zealand,NZL,2019,8.56,42865.23,
Nicaragua,NIC,2019,7.04,1924.47,46.2
Niger,NER,2019,5.97,554.1,37.3
Nigeria,NGA,2019,6.97,2229.86,35.1
North Macedonia,MKD,2019,7.13,6070.39,33
Norway,NOR,2019,7.72,75719.75,27.7
Oman,OMN,2019,6.69,17700.7,
Pakistan,PAK,2019,5.95,1481.81,29.6
Panama,PAN,2019,7.79,15774.25,49.8
Papua New Guinea,PNG,2019,6.23,2820.31,
Paraguay,PRY,2019,7.22,5383.57,45.7
Peru,PER,2019,7.78,7023.08,41.6
Philippines,PHL,2019,7.42,3485.34,42.3
Poland,POL,2019,7.2,15732.2,30.2
Portugal,PRT,2019,7.79,23330.82,32.8
Qatar,QAT,2019,7.09,62087.97,
Republic of Congo,COG,2019,5.08,2369.73,48.9
Romania,ROU,2019,7.88,12899.35,34.8
Russia,RUS,2019,6.7,11536.25,37.7
Rwanda,RWA,2019,7.35,820.18,43.7
Saudi Arabia,SAU,2019,6.85,23450.56,
Senegal,SEN,2019,6.25,1435.83,38.1
Serbia,SRB,2019,7.22,7417.2,34.5
Seychelles,SYC,2019,7.63,17252.02,32.1
Sierra Leone,SLE,2019,6.15,521.75,35.7
Singapore,SGP,2019,8.81,65831.19,
Slovak Republic,SVK,2019,7.61,19303.55,23.2
Slovenia,SVN,2019,7.43,25942.95,24.4
Somalia,SOM,2019,6.67,419.39,36.8
South Africa,ZAF,2019,6.97,6624.76,63
South Korea,KOR,2019,7.61,31902.42,31.4
Spain,ESP,2019,7.89,29554.49,34.3
Sri Lanka,LKA,2019,6.78,3848.21,39.3
Sudan,SDN,2019,4.19,755.33,34.2
Suriname,SUR,2019,6.14,6853.69,
Sweden,SWE,2019,7.72,51939.43,29.3
Switzerland,CHE,2019,8.48,85334.52,33.1
Syria,SYR,2019,5.19,1265.61,
Tajikistan,TJK,2019,6.5,890.54,34
Tanzania,TZA,2019,6.75,1085.88,40.5
Thailand,THA,2019,6.87,7814.38,34.9
The Bahamas,BHS,2019,7.56,33872.33,
The Gambia,GMB,2019,7.04,772.51,35.9
Timor-Leste,TLS,2019,6.19,1583.71,28.7
Togo,TGO,2019,6.35,893.35,42.4
Trinidad and Tobago,TTO,2019,7.27,17123.12,
Tunisia,TUN,2019,5.97,3571.95,32.8
Turkey,TUR,2019,6.54,9121.52,41.9
Uganda,UGA,2019,7.42,798.59,42.7
Ukraine,UKR,2019,6.2,3661.46,26.6
United Arab Emirates,ARE,2019,7.28,42701.44,26
United Kingdom,GBR,2019,8.15,43070.5,35.1
United States,USA,2019,8.24,65094.8,41.5
Uruguay,URY,2019,7.36,17688.02,39.7
Venezuela,VEN,2019,2.83,16055.65,
Vietnam,VNM,2019,6.26,3425.09,35.7
Yemen,YEM,2019,5.45,750.55,36.7
Zambia,ZMB,2019,7.09,1305,57.1
Zimbabwe,ZWE,2019,4.94,1316.74,50.3